ColumnVariableCode,ColumnVariableMeasurementUnit,ColumnVariableStatisticalUnit,ColumnVariableDescription
LC2109EWls0001,Count,Person,"All categories: Age, All categories: Ethnic group"
LC2109EWls0002,Count,Person,"All categories: Age, White: Total"
LC2109EWls0003,Count,Person,"All categories: Age, White: English/Welsh/Scottish/Northern Irish/British"
LC2109EWls0004,Count,Person,"All categories: Age, White: Irish"
LC2109EWls0005,Count,Person,"All categories: Age, White: Gypsy or Irish Traveller"
LC2109EWls0006,Count,Person,"All categories: Age, White: Other White"
LC2109EWls0007,Count,Person,"All categories: Age, Mixed/multiple ethnic group: Total"
LC2109EWls0008,Count,Person,"All categories: Age, Mixed/multiple ethnic group: White and Black Caribbean"
LC2109EWls0009,Count,Person,"All categories: Age, Mixed/multiple ethnic group: White and Black African"
LC2109EWls0010,Count,Person,"All categories: Age, Mixed/multiple ethnic group: White and Asian"
LC2109EWls0011,Count,Person,"All categories: Age, Mixed/multiple ethnic group: Other Mixed"
LC2109EWls0012,Count,Person,"All categories: Age, Asian/Asian British: Total"
LC2109EWls0013,Count,Person,"All categories: Age, Asian/Asian British: Indian"
LC2109EWls0014,Count,Person,"All categories: Age, Asian/Asian British: Pakistani"
LC2109EWls0015,Count,Person,"All categories: Age, Asian/Asian British: Bangladeshi"
LC2109EWls0016,Count,Person,"All categories: Age, Asian/Asian British: Chinese"
LC2109EWls0017,Count,Person,"All categories: Age, Asian/Asian British: Other Asian"
LC2109EWls0018,Count,Person,"All categories: Age, Black/African/Caribbean/Black British: Total"
LC2109EWls0019,Count,Person,"All categories: Age, Black/African/Caribbean/Black British: African"
LC2109EWls0020,Count,Person,"All categories: Age, Black/African/Caribbean/Black British: Caribbean"
LC2109EWls0021,Count,Person,"All categories: Age, Black/African/Caribbean/Black British: Other Black"
LC2109EWls0022,Count,Person,"All categories: Age, Other ethnic group: Total"
LC2109EWls0023,Count,Person,"All categories: Age, Other ethnic group: Arab"
LC2109EWls0024,Count,Person,"All categories: Age, Other ethnic group: Any other ethnic group"
LC2109EWls0025,Count,Person,"Age 0 to 4, All categories: Ethnic group"
LC2109EWls0026,Count,Person,"Age 0 to 4, White: Total"
LC2109EWls0027,Count,Person,"Age 0 to 4, White: English/Welsh/Scottish/Northern Irish/British"
LC2109EWls0028,Count,Person,"Age 0 to 4, White: Irish"
LC2109EWls0029,Count,Person,"Age 0 to 4, White: Gypsy or Irish Traveller"
LC2109EWls0030,Count,Person,"Age 0 to 4, White: Other White"
LC2109EWls0031,Count,Person,"Age 0 to 4, Mixed/multiple ethnic group: Total"
LC2109EWls0032,Count,Person,"Age 0 to 4, Mixed/multiple ethnic group: White and Black Caribbean"
LC2109EWls0033,Count,Person,"Age 0 to 4, Mixed/multiple ethnic group: White and Black African"
LC2109EWls0034,Count,Person,"Age 0 to 4, Mixed/multiple ethnic group: White and Asian"
LC2109EWls0035,Count,Person,"Age 0 to 4, Mixed/multiple ethnic group: Other Mixed"
LC2109EWls0036,Count,Person,"Age 0 to 4, Asian/Asian British: Total"
LC2109EWls0037,Count,Person,"Age 0 to 4, Asian/Asian British: Indian"
LC2109EWls0038,Count,Person,"Age 0 to 4, Asian/Asian British: Pakistani"
LC2109EWls0039,Count,Person,"Age 0 to 4, Asian/Asian British: Bangladeshi"
LC2109EWls0040,Count,Person,"Age 0 to 4, Asian/Asian British: Chinese"
LC2109EWls0041,Count,Person,"Age 0 to 4, Asian/Asian British: Other Asian"
LC2109EWls0042,Count,Person,"Age 0 to 4, Black/African/Caribbean/Black British: Total"
LC2109EWls0043,Count,Person,"Age 0 to 4, Black/African/Caribbean/Black British: African"
LC2109EWls0044,Count,Person,"Age 0 to 4, Black/African/Caribbean/Black British: Caribbean"
LC2109EWls0045,Count,Person,"Age 0 to 4, Black/African/Caribbean/Black British: Other Black"
LC2109EWls0046,Count,Person,"Age 0 to 4, Other ethnic group: Total"
LC2109EWls0047,Count,Person,"Age 0 to 4, Other ethnic group: Arab"
LC2109EWls0048,Count,Person,"Age 0 to 4, Other ethnic group: Any other ethnic group"
LC2109EWls0049,Count,Person,"Age 5 to 7, All categories: Ethnic group"
LC2109EWls0050,Count,Person,"Age 5 to 7, White: Total"
LC2109EWls0051,Count,Person,"Age 5 to 7, White: English/Welsh/Scottish/Northern Irish/British"
LC2109EWls0052,Count,Person,"Age 5 to 7, White: Irish"
LC2109EWls0053,Count,Person,"Age 5 to 7, White: Gypsy or Irish Traveller"
LC2109EWls0054,Count,Person,"Age 5 to 7, White: Other White"
LC2109EWls0055,Count,Person,"Age 5 to 7, Mixed/multiple ethnic group: Total"
LC2109EWls0056,Count,Person,"Age 5 to 7, Mixed/multiple ethnic group: White and Black Caribbean"
LC2109EWls0057,Count,Person,"Age 5 to 7, Mixed/multiple ethnic group: White and Black African"
LC2109EWls0058,Count,Person,"Age 5 to 7, Mixed/multiple ethnic group: White and Asian"
LC2109EWls0059,Count,Person,"Age 5 to 7, Mixed/multiple ethnic group: Other Mixed"
LC2109EWls0060,Count,Person,"Age 5 to 7, Asian/Asian British: Total"
LC2109EWls0061,Count,Person,"Age 5 to 7, Asian/Asian British: Indian"
LC2109EWls0062,Count,Person,"Age 5 to 7, Asian/Asian British: Pakistani"
LC2109EWls0063,Count,Person,"Age 5 to 7, Asian/Asian British: Bangladeshi"
LC2109EWls0064,Count,Person,"Age 5 to 7, Asian/Asian British: Chinese"
LC2109EWls0065,Count,Person,"Age 5 to 7, Asian/Asian British: Other Asian"
LC2109EWls0066,Count,Person,"Age 5 to 7, Black/African/Caribbean/Black British: Total"
LC2109EWls0067,Count,Person,"Age 5 to 7, Black/African/Caribbean/Black British: African"
LC2109EWls0068,Count,Person,"Age 5 to 7, Black/African/Caribbean/Black British: Caribbean"
LC2109EWls0069,Count,Person,"Age 5 to 7, Black/African/Caribbean/Black British: Other Black"
LC2109EWls0070,Count,Person,"Age 5 to 7, Other ethnic group: Total"
LC2109EWls0071,Count,Person,"Age 5 to 7, Other ethnic group: Arab"
LC2109EWls0072,Count,Person,"Age 5 to 7, Other ethnic group: Any other ethnic group"
LC2109EWls0073,Count,Person,"Age 8 to 9, All categories: Ethnic group"
LC2109EWls0074,Count,Person,"Age 8 to 9, White: Total"
LC2109EWls0075,Count,Person,"Age 8 to 9, White: English/Welsh/Scottish/Northern Irish/British"
LC2109EWls0076,Count,Person,"Age 8 to 9, White: Irish"
LC2109EWls0077,Count,Person,"Age 8 to 9, White: Gypsy or Irish Traveller"
LC2109EWls0078,Count,Person,"Age 8 to 9, White: Other White"
LC2109EWls0079,Count,Person,"Age 8 to 9, Mixed/multiple ethnic group: Total"
LC2109EWls0080,Count,Person,"Age 8 to 9, Mixed/multiple ethnic group: White and Black Caribbean"
LC2109EWls0081,Count,Person,"Age 8 to 9, Mixed/multiple ethnic group: White and Black African"
LC2109EWls0082,Count,Person,"Age 8 to 9, Mixed/multiple ethnic group: White and Asian"
LC2109EWls0083,Count,Person,"Age 8 to 9, Mixed/multiple ethnic group: Other Mixed"
LC2109EWls0084,Count,Person,"Age 8 to 9, Asian/Asian British: Total"
LC2109EWls0085,Count,Person,"Age 8 to 9, Asian/Asian British: Indian"
LC2109EWls0086,Count,Person,"Age 8 to 9, Asian/Asian British: Pakistani"
LC2109EWls0087,Count,Person,"Age 8 to 9, Asian/Asian British: Bangladeshi"
LC2109EWls0088,Count,Person,"Age 8 to 9, Asian/Asian British: Chinese"
LC2109EWls0089,Count,Person,"Age 8 to 9, Asian/Asian British: Other Asian"
LC2109EWls0090,Count,Person,"Age 8 to 9, Black/African/Caribbean/Black British: Total"
LC2109EWls0091,Count,Person,"Age 8 to 9, Black/African/Caribbean/Black British: African"
LC2109EWls0092,Count,Person,"Age 8 to 9, Black/African/Caribbean/Black British: Caribbean"
LC2109EWls0093,Count,Person,"Age 8 to 9, Black/African/Caribbean/Black British: Other Black"
LC2109EWls0094,Count,Person,"Age 8 to 9, Other ethnic group: Total"
LC2109EWls0095,Count,Person,"Age 8 to 9, Other ethnic group: Arab"
LC2109EWls0096,Count,Person,"Age 8 to 9, Other ethnic group: Any other ethnic group"
LC2109EWls0097,Count,Person,"Age 10 to 14, All categories: Ethnic group"
LC2109EWls0098,Count,Person,"Age 10 to 14, White: Total"
LC2109EWls0099,Count,Person,"Age 10 to 14, White: English/Welsh/Scottish/Northern Irish/British"
LC2109EWls0100,Count,Person,"Age 10 to 14, White: Irish"
LC2109EWls0101,Count,Person,"Age 10 to 14, White: Gypsy or Irish Traveller"
LC2109EWls0102,Count,Person,"Age 10 to 14, White: Other White"
LC2109EWls0103,Count,Person,"Age 10 to 14, Mixed/multiple ethnic group: Total"
LC2109EWls0104,Count,Person,"Age 10 to 14, Mixed/multiple ethnic group: White and Black Caribbean"
LC2109EWls0105,Count,Person,"Age 10 to 14, Mixed/multiple ethnic group: White and Black African"
LC2109EWls0106,Count,Person,"Age 10 to 14, Mixed/multiple ethnic group: White and Asian"
LC2109EWls0107,Count,Person,"Age 10 to 14, Mixed/multiple ethnic group: Other Mixed"
LC2109EWls0108,Count,Person,"Age 10 to 14, Asian/Asian British: Total"
LC2109EWls0109,Count,Person,"Age 10 to 14, Asian/Asian British: Indian"
LC2109EWls0110,Count,Person,"Age 10 to 14, Asian/Asian British: Pakistani"
LC2109EWls0111,Count,Person,"Age 10 to 14, Asian/Asian British: Bangladeshi"
LC2109EWls0112,Count,Person,"Age 10 to 14, Asian/Asian British: Chinese"
LC2109EWls0113,Count,Person,"Age 10 to 14, Asian/Asian British: Other Asian"
LC2109EWls0114,Count,Person,"Age 10 to 14, Black/African/Caribbean/Black British: Total"
LC2109EWls0115,Count,Person,"Age 10 to 14, Black/African/Caribbean/Black British: African"
LC2109EWls0116,Count,Person,"Age 10 to 14, Black/African/Caribbean/Black British: Caribbean"
LC2109EWls0117,Count,Person,"Age 10 to 14, Black/African/Caribbean/Black British: Other Black"
LC2109EWls0118,Count,Person,"Age 10 to 14, Other ethnic group: Total"
LC2109EWls0119,Count,Person,"Age 10 to 14, Other ethnic group: Arab"
LC2109EWls0120,Count,Person,"Age 10 to 14, Other ethnic group: Any other ethnic group"
LC2109EWls0121,Count,Person,"Age 15, All categories: Ethnic group"
LC2109EWls0122,Count,Person,"Age 15, White: Total"
LC2109EWls0123,Count,Person,"Age 15, White: English/Welsh/Scottish/Northern Irish/British"
LC2109EWls0124,Count,Person,"Age 15, White: Irish"
LC2109EWls0125,Count,Person,"Age 15, White: Gypsy or Irish Traveller"
LC2109EWls0126,Count,Person,"Age 15, White: Other White"
LC2109EWls0127,Count,Person,"Age 15, Mixed/multiple ethnic group: Total"
LC2109EWls0128,Count,Person,"Age 15, Mixed/multiple ethnic group: White and Black Caribbean"
LC2109EWls0129,Count,Person,"Age 15, Mixed/multiple ethnic group: White and Black African"
LC2109EWls0130,Count,Person,"Age 15, Mixed/multiple ethnic group: White and Asian"
LC2109EWls0131,Count,Person,"Age 15, Mixed/multiple ethnic group: Other Mixed"
LC2109EWls0132,Count,Person,"Age 15, Asian/Asian British: Total"
LC2109EWls0133,Count,Person,"Age 15, Asian/Asian British: Indian"
LC2109EWls0134,Count,Person,"Age 15, Asian/Asian British: Pakistani"
LC2109EWls0135,Count,Person,"Age 15, Asian/Asian British: Bangladeshi"
LC2109EWls0136,Count,Person,"Age 15, Asian/Asian British: Chinese"
LC2109EWls0137,Count,Person,"Age 15, Asian/Asian British: Other Asian"
LC2109EWls0138,Count,Person,"Age 15, Black/African/Caribbean/Black British: Total"
LC2109EWls0139,Count,Person,"Age 15, Black/African/Caribbean/Black British: African"
LC2109EWls0140,Count,Person,"Age 15, Black/African/Caribbean/Black British: Caribbean"
LC2109EWls0141,Count,Person,"Age 15, Black/African/Caribbean/Black British: Other Black"
LC2109EWls0142,Count,Person,"Age 15, Other ethnic group: Total"
LC2109EWls0143,Count,Person,"Age 15, Other ethnic group: Arab"
LC2109EWls0144,Count,Person,"Age 15, Other ethnic group: Any other ethnic group"
LC2109EWls0145,Count,Person,"Age 16 to 17, All categories: Ethnic group"
LC2109EWls0146,Count,Person,"Age 16 to 17, White: Total"
LC2109EWls0147,Count,Person,"Age 16 to 17, White: English/Welsh/Scottish/Northern Irish/British"
LC2109EWls0148,Count,Person,"Age 16 to 17, White: Irish"
LC2109EWls0149,Count,Person,"Age 16 to 17, White: Gypsy or Irish Traveller"
LC2109EWls0150,Count,Person,"Age 16 to 17, White: Other White"
LC2109EWls0151,Count,Person,"Age 16 to 17, Mixed/multiple ethnic group: Total"
LC2109EWls0152,Count,Person,"Age 16 to 17, Mixed/multiple ethnic group: White and Black Caribbean"
LC2109EWls0153,Count,Person,"Age 16 to 17, Mixed/multiple ethnic group: White and Black African"
LC2109EWls0154,Count,Person,"Age 16 to 17, Mixed/multiple ethnic group: White and Asian"
LC2109EWls0155,Count,Person,"Age 16 to 17, Mixed/multiple ethnic group: Other Mixed"
LC2109EWls0156,Count,Person,"Age 16 to 17, Asian/Asian British: Total"
LC2109EWls0157,Count,Person,"Age 16 to 17, Asian/Asian British: Indian"
LC2109EWls0158,Count,Person,"Age 16 to 17, Asian/Asian British: Pakistani"
LC2109EWls0159,Count,Person,"Age 16 to 17, Asian/Asian British: Bangladeshi"
LC2109EWls0160,Count,Person,"Age 16 to 17, Asian/Asian British: Chinese"
LC2109EWls0161,Count,Person,"Age 16 to 17, Asian/Asian British: Other Asian"
LC2109EWls0162,Count,Person,"Age 16 to 17, Black/African/Caribbean/Black British: Total"
LC2109EWls0163,Count,Person,"Age 16 to 17, Black/African/Caribbean/Black British: African"
LC2109EWls0164,Count,Person,"Age 16 to 17, Black/African/Caribbean/Black British: Caribbean"
LC2109EWls0165,Count,Person,"Age 16 to 17, Black/African/Caribbean/Black British: Other Black"
LC2109EWls0166,Count,Person,"Age 16 to 17, Other ethnic group: Total"
LC2109EWls0167,Count,Person,"Age 16 to 17, Other ethnic group: Arab"
LC2109EWls0168,Count,Person,"Age 16 to 17, Other ethnic group: Any other ethnic group"
LC2109EWls0169,Count,Person,"Age 18 to 19, All categories: Ethnic group"
LC2109EWls0170,Count,Person,"Age 18 to 19, White: Total"
LC2109EWls0171,Count,Person,"Age 18 to 19, White: English/Welsh/Scottish/Northern Irish/British"
LC2109EWls0172,Count,Person,"Age 18 to 19, White: Irish"
LC2109EWls0173,Count,Person,"Age 18 to 19, White: Gypsy or Irish Traveller"
LC2109EWls0174,Count,Person,"Age 18 to 19, White: Other White"
LC2109EWls0175,Count,Person,"Age 18 to 19, Mixed/multiple ethnic group: Total"
LC2109EWls0176,Count,Person,"Age 18 to 19, Mixed/multiple ethnic group: White and Black Caribbean"
LC2109EWls0177,Count,Person,"Age 18 to 19, Mixed/multiple ethnic group: White and Black African"
LC2109EWls0178,Count,Person,"Age 18 to 19, Mixed/multiple ethnic group: White and Asian"
LC2109EWls0179,Count,Person,"Age 18 to 19, Mixed/multiple ethnic group: Other Mixed"
LC2109EWls0180,Count,Person,"Age 18 to 19, Asian/Asian British: Total"
LC2109EWls0181,Count,Person,"Age 18 to 19, Asian/Asian British: Indian"
LC2109EWls0182,Count,Person,"Age 18 to 19, Asian/Asian British: Pakistani"
LC2109EWls0183,Count,Person,"Age 18 to 19, Asian/Asian British: Bangladeshi"
LC2109EWls0184,Count,Person,"Age 18 to 19, Asian/Asian British: Chinese"
LC2109EWls0185,Count,Person,"Age 18 to 19, Asian/Asian British: Other Asian"
LC2109EWls0186,Count,Person,"Age 18 to 19, Black/African/Caribbean/Black British: Total"
LC2109EWls0187,Count,Person,"Age 18 to 19, Black/African/Caribbean/Black British: African"
LC2109EWls0188,Count,Person,"Age 18 to 19, Black/African/Caribbean/Black British: Caribbean"
LC2109EWls0189,Count,Person,"Age 18 to 19, Black/African/Caribbean/Black British: Other Black"
LC2109EWls0190,Count,Person,"Age 18 to 19, Other ethnic group: Total"
LC2109EWls0191,Count,Person,"Age 18 to 19, Other ethnic group: Arab"
LC2109EWls0192,Count,Person,"Age 18 to 19, Other ethnic group: Any other ethnic group"
LC2109EWls0193,Count,Person,"Age 20 to 24, All categories: Ethnic group"
LC2109EWls0194,Count,Person,"Age 20 to 24, White: Total"
LC2109EWls0195,Count,Person,"Age 20 to 24, White: English/Welsh/Scottish/Northern Irish/British"
LC2109EWls0196,Count,Person,"Age 20 to 24, White: Irish"
LC2109EWls0197,Count,Person,"Age 20 to 24, White: Gypsy or Irish Traveller"
LC2109EWls0198,Count,Person,"Age 20 to 24, White: Other White"
LC2109EWls0199,Count,Person,"Age 20 to 24, Mixed/multiple ethnic group: Total"
LC2109EWls0200,Count,Person,"Age 20 to 24, Mixed/multiple ethnic group: White and Black Caribbean"
LC2109EWls0201,Count,Person,"Age 20 to 24, Mixed/multiple ethnic group: White and Black African"
LC2109EWls0202,Count,Person,"Age 20 to 24, Mixed/multiple ethnic group: White and Asian"
LC2109EWls0203,Count,Person,"Age 20 to 24, Mixed/multiple ethnic group: Other Mixed"
LC2109EWls0204,Count,Person,"Age 20 to 24, Asian/Asian British: Total"
LC2109EWls0205,Count,Person,"Age 20 to 24, Asian/Asian British: Indian"
LC2109EWls0206,Count,Person,"Age 20 to 24, Asian/Asian British: Pakistani"
LC2109EWls0207,Count,Person,"Age 20 to 24, Asian/Asian British: Bangladeshi"
LC2109EWls0208,Count,Person,"Age 20 to 24, Asian/Asian British: Chinese"
LC2109EWls0209,Count,Person,"Age 20 to 24, Asian/Asian British: Other Asian"
LC2109EWls0210,Count,Person,"Age 20 to 24, Black/African/Caribbean/Black British: Total"
LC2109EWls0211,Count,Person,"Age 20 to 24, Black/African/Caribbean/Black British: African"
LC2109EWls0212,Count,Person,"Age 20 to 24, Black/African/Caribbean/Black British: Caribbean"
LC2109EWls0213,Count,Person,"Age 20 to 24, Black/African/Caribbean/Black British: Other Black"
LC2109EWls0214,Count,Person,"Age 20 to 24, Other ethnic group: Total"
LC2109EWls0215,Count,Person,"Age 20 to 24, Other ethnic group: Arab"
LC2109EWls0216,Count,Person,"Age 20 to 24, Other ethnic group: Any other ethnic group"
LC2109EWls0217,Count,Person,"Age 25 to 29, All categories: Ethnic group"
LC2109EWls0218,Count,Person,"Age 25 to 29, White: Total"
LC2109EWls0219,Count,Person,"Age 25 to 29, White: English/Welsh/Scottish/Northern Irish/British"
LC2109EWls0220,Count,Person,"Age 25 to 29, White: Irish"
LC2109EWls0221,Count,Person,"Age 25 to 29, White: Gypsy or Irish Traveller"
LC2109EWls0222,Count,Person,"Age 25 to 29, White: Other White"
LC2109EWls0223,Count,Person,"Age 25 to 29, Mixed/multiple ethnic group: Total"
LC2109EWls0224,Count,Person,"Age 25 to 29, Mixed/multiple ethnic group: White and Black Caribbean"
LC2109EWls0225,Count,Person,"Age 25 to 29, Mixed/multiple ethnic group: White and Black African"
LC2109EWls0226,Count,Person,"Age 25 to 29, Mixed/multiple ethnic group: White and Asian"
LC2109EWls0227,Count,Person,"Age 25 to 29, Mixed/multiple ethnic group: Other Mixed"
LC2109EWls0228,Count,Person,"Age 25 to 29, Asian/Asian British: Total"
LC2109EWls0229,Count,Person,"Age 25 to 29, Asian/Asian British: Indian"
LC2109EWls0230,Count,Person,"Age 25 to 29, Asian/Asian British: Pakistani"
LC2109EWls0231,Count,Person,"Age 25 to 29, Asian/Asian British: Bangladeshi"
LC2109EWls0232,Count,Person,"Age 25 to 29, Asian/Asian British: Chinese"
LC2109EWls0233,Count,Person,"Age 25 to 29, Asian/Asian British: Other Asian"
LC2109EWls0234,Count,Person,"Age 25 to 29, Black/African/Caribbean/Black British: Total"
LC2109EWls0235,Count,Person,"Age 25 to 29, Black/African/Caribbean/Black British: African"
LC2109EWls0236,Count,Person,"Age 25 to 29, Black/African/Caribbean/Black British: Caribbean"
LC2109EWls0237,Count,Person,"Age 25 to 29, Black/African/Caribbean/Black British: Other Black"
LC2109EWls0238,Count,Person,"Age 25 to 29, Other ethnic group: Total"
LC2109EWls0239,Count,Person,"Age 25 to 29, Other ethnic group: Arab"
LC2109EWls0240,Count,Person,"Age 25 to 29, Other ethnic group: Any other ethnic group"
LC2109EWls0241,Count,Person,"Age 30 to 34, All categories: Ethnic group"
LC2109EWls0242,Count,Person,"Age 30 to 34, White: Total"
LC2109EWls0243,Count,Person,"Age 30 to 34, White: English/Welsh/Scottish/Northern Irish/British"
LC2109EWls0244,Count,Person,"Age 30 to 34, White: Irish"
LC2109EWls0245,Count,Person,"Age 30 to 34, White: Gypsy or Irish Traveller"
LC2109EWls0246,Count,Person,"Age 30 to 34, White: Other White"
LC2109EWls0247,Count,Person,"Age 30 to 34, Mixed/multiple ethnic group: Total"
LC2109EWls0248,Count,Person,"Age 30 to 34, Mixed/multiple ethnic group: White and Black Caribbean"
LC2109EWls0249,Count,Person,"Age 30 to 34, Mixed/multiple ethnic group: White and Black African"
LC2109EWls0250,Count,Person,"Age 30 to 34, Mixed/multiple ethnic group: White and Asian"
LC2109EWls0251,Count,Person,"Age 30 to 34, Mixed/multiple ethnic group: Other Mixed"
LC2109EWls0252,Count,Person,"Age 30 to 34, Asian/Asian British: Total"
LC2109EWls0253,Count,Person,"Age 30 to 34, Asian/Asian British: Indian"
LC2109EWls0254,Count,Person,"Age 30 to 34, Asian/Asian British: Pakistani"
LC2109EWls0255,Count,Person,"Age 30 to 34, Asian/Asian British: Bangladeshi"
LC2109EWls0256,Count,Person,"Age 30 to 34, Asian/Asian British: Chinese"
LC2109EWls0257,Count,Person,"Age 30 to 34, Asian/Asian British: Other Asian"
LC2109EWls0258,Count,Person,"Age 30 to 34, Black/African/Caribbean/Black British: Total"
LC2109EWls0259,Count,Person,"Age 30 to 34, Black/African/Caribbean/Black British: African"
LC2109EWls0260,Count,Person,"Age 30 to 34, Black/African/Caribbean/Black British: Caribbean"
LC2109EWls0261,Count,Person,"Age 30 to 34, Black/African/Caribbean/Black British: Other Black"
LC2109EWls0262,Count,Person,"Age 30 to 34, Other ethnic group: Total"
LC2109EWls0263,Count,Person,"Age 30 to 34, Other ethnic group: Arab"
LC2109EWls0264,Count,Person,"Age 30 to 34, Other ethnic group: Any other ethnic group"
LC2109EWls0265,Count,Person,"Age 35 to 39, All categories: Ethnic group"
LC2109EWls0266,Count,Person,"Age 35 to 39, White: Total"
LC2109EWls0267,Count,Person,"Age 35 to 39, White: English/Welsh/Scottish/Northern Irish/British"
LC2109EWls0268,Count,Person,"Age 35 to 39, White: Irish"
LC2109EWls0269,Count,Person,"Age 35 to 39, White: Gypsy or Irish Traveller"
LC2109EWls0270,Count,Person,"Age 35 to 39, White: Other White"
LC2109EWls0271,Count,Person,"Age 35 to 39, Mixed/multiple ethnic group: Total"
LC2109EWls0272,Count,Person,"Age 35 to 39, Mixed/multiple ethnic group: White and Black Caribbean"
LC2109EWls0273,Count,Person,"Age 35 to 39, Mixed/multiple ethnic group: White and Black African"
LC2109EWls0274,Count,Person,"Age 35 to 39, Mixed/multiple ethnic group: White and Asian"
LC2109EWls0275,Count,Person,"Age 35 to 39, Mixed/multiple ethnic group: Other Mixed"
LC2109EWls0276,Count,Person,"Age 35 to 39, Asian/Asian British: Total"
LC2109EWls0277,Count,Person,"Age 35 to 39, Asian/Asian British: Indian"
LC2109EWls0278,Count,Person,"Age 35 to 39, Asian/Asian British: Pakistani"
LC2109EWls0279,Count,Person,"Age 35 to 39, Asian/Asian British: Bangladeshi"
LC2109EWls0280,Count,Person,"Age 35 to 39, Asian/Asian British: Chinese"
LC2109EWls0281,Count,Person,"Age 35 to 39, Asian/Asian British: Other Asian"
LC2109EWls0282,Count,Person,"Age 35 to 39, Black/African/Caribbean/Black British: Total"
LC2109EWls0283,Count,Person,"Age 35 to 39, Black/African/Caribbean/Black British: African"
LC2109EWls0284,Count,Person,"Age 35 to 39, Black/African/Caribbean/Black British: Caribbean"
LC2109EWls0285,Count,Person,"Age 35 to 39, Black/African/Caribbean/Black British: Other Black"
LC2109EWls0286,Count,Person,"Age 35 to 39, Other ethnic group: Total"
LC2109EWls0287,Count,Person,"Age 35 to 39, Other ethnic group: Arab"
LC2109EWls0288,Count,Person,"Age 35 to 39, Other ethnic group: Any other ethnic group"
LC2109EWls0289,Count,Person,"Age 40 to 44, All categories: Ethnic group"
LC2109EWls0290,Count,Person,"Age 40 to 44, White: Total"
LC2109EWls0291,Count,Person,"Age 40 to 44, White: English/Welsh/Scottish/Northern Irish/British"
LC2109EWls0292,Count,Person,"Age 40 to 44, White: Irish"
LC2109EWls0293,Count,Person,"Age 40 to 44, White: Gypsy or Irish Traveller"
LC2109EWls0294,Count,Person,"Age 40 to 44, White: Other White"
LC2109EWls0295,Count,Person,"Age 40 to 44, Mixed/multiple ethnic group: Total"
LC2109EWls0296,Count,Person,"Age 40 to 44, Mixed/multiple ethnic group: White and Black Caribbean"
LC2109EWls0297,Count,Person,"Age 40 to 44, Mixed/multiple ethnic group: White and Black African"
LC2109EWls0298,Count,Person,"Age 40 to 44, Mixed/multiple ethnic group: White and Asian"
LC2109EWls0299,Count,Person,"Age 40 to 44, Mixed/multiple ethnic group: Other Mixed"
LC2109EWls0300,Count,Person,"Age 40 to 44, Asian/Asian British: Total"
LC2109EWls0301,Count,Person,"Age 40 to 44, Asian/Asian British: Indian"
LC2109EWls0302,Count,Person,"Age 40 to 44, Asian/Asian British: Pakistani"
LC2109EWls0303,Count,Person,"Age 40 to 44, Asian/Asian British: Bangladeshi"
LC2109EWls0304,Count,Person,"Age 40 to 44, Asian/Asian British: Chinese"
LC2109EWls0305,Count,Person,"Age 40 to 44, Asian/Asian British: Other Asian"
LC2109EWls0306,Count,Person,"Age 40 to 44, Black/African/Caribbean/Black British: Total"
LC2109EWls0307,Count,Person,"Age 40 to 44, Black/African/Caribbean/Black British: African"
LC2109EWls0308,Count,Person,"Age 40 to 44, Black/African/Caribbean/Black British: Caribbean"
LC2109EWls0309,Count,Person,"Age 40 to 44, Black/African/Caribbean/Black British: Other Black"
LC2109EWls0310,Count,Person,"Age 40 to 44, Other ethnic group: Total"
LC2109EWls0311,Count,Person,"Age 40 to 44, Other ethnic group: Arab"
LC2109EWls0312,Count,Person,"Age 40 to 44, Other ethnic group: Any other ethnic group"
LC2109EWls0313,Count,Person,"Age 45 to 49, All categories: Ethnic group"
LC2109EWls0314,Count,Person,"Age 45 to 49, White: Total"
LC2109EWls0315,Count,Person,"Age 45 to 49, White: English/Welsh/Scottish/Northern Irish/British"
LC2109EWls0316,Count,Person,"Age 45 to 49, White: Irish"
LC2109EWls0317,Count,Person,"Age 45 to 49, White: Gypsy or Irish Traveller"
LC2109EWls0318,Count,Person,"Age 45 to 49, White: Other White"
LC2109EWls0319,Count,Person,"Age 45 to 49, Mixed/multiple ethnic group: Total"
LC2109EWls0320,Count,Person,"Age 45 to 49, Mixed/multiple ethnic group: White and Black Caribbean"
LC2109EWls0321,Count,Person,"Age 45 to 49, Mixed/multiple ethnic group: White and Black African"
LC2109EWls0322,Count,Person,"Age 45 to 49, Mixed/multiple ethnic group: White and Asian"
LC2109EWls0323,Count,Person,"Age 45 to 49, Mixed/multiple ethnic group: Other Mixed"
LC2109EWls0324,Count,Person,"Age 45 to 49, Asian/Asian British: Total"
LC2109EWls0325,Count,Person,"Age 45 to 49, Asian/Asian British: Indian"
LC2109EWls0326,Count,Person,"Age 45 to 49, Asian/Asian British: Pakistani"
LC2109EWls0327,Count,Person,"Age 45 to 49, Asian/Asian British: Bangladeshi"
LC2109EWls0328,Count,Person,"Age 45 to 49, Asian/Asian British: Chinese"
LC2109EWls0329,Count,Person,"Age 45 to 49, Asian/Asian British: Other Asian"
LC2109EWls0330,Count,Person,"Age 45 to 49, Black/African/Caribbean/Black British: Total"
LC2109EWls0331,Count,Person,"Age 45 to 49, Black/African/Caribbean/Black British: African"
LC2109EWls0332,Count,Person,"Age 45 to 49, Black/African/Caribbean/Black British: Caribbean"
LC2109EWls0333,Count,Person,"Age 45 to 49, Black/African/Caribbean/Black British: Other Black"
LC2109EWls0334,Count,Person,"Age 45 to 49, Other ethnic group: Total"
LC2109EWls0335,Count,Person,"Age 45 to 49, Other ethnic group: Arab"
LC2109EWls0336,Count,Person,"Age 45 to 49, Other ethnic group: Any other ethnic group"
LC2109EWls0337,Count,Person,"Age 50 to 54, All categories: Ethnic group"
LC2109EWls0338,Count,Person,"Age 50 to 54, White: Total"
LC2109EWls0339,Count,Person,"Age 50 to 54, White: English/Welsh/Scottish/Northern Irish/British"
LC2109EWls0340,Count,Person,"Age 50 to 54, White: Irish"
LC2109EWls0341,Count,Person,"Age 50 to 54, White: Gypsy or Irish Traveller"
LC2109EWls0342,Count,Person,"Age 50 to 54, White: Other White"
LC2109EWls0343,Count,Person,"Age 50 to 54, Mixed/multiple ethnic group: Total"
LC2109EWls0344,Count,Person,"Age 50 to 54, Mixed/multiple ethnic group: White and Black Caribbean"
LC2109EWls0345,Count,Person,"Age 50 to 54, Mixed/multiple ethnic group: White and Black African"
LC2109EWls0346,Count,Person,"Age 50 to 54, Mixed/multiple ethnic group: White and Asian"
LC2109EWls0347,Count,Person,"Age 50 to 54, Mixed/multiple ethnic group: Other Mixed"
LC2109EWls0348,Count,Person,"Age 50 to 54, Asian/Asian British: Total"
LC2109EWls0349,Count,Person,"Age 50 to 54, Asian/Asian British: Indian"
LC2109EWls0350,Count,Person,"Age 50 to 54, Asian/Asian British: Pakistani"
LC2109EWls0351,Count,Person,"Age 50 to 54, Asian/Asian British: Bangladeshi"
LC2109EWls0352,Count,Person,"Age 50 to 54, Asian/Asian British: Chinese"
LC2109EWls0353,Count,Person,"Age 50 to 54, Asian/Asian British: Other Asian"
LC2109EWls0354,Count,Person,"Age 50 to 54, Black/African/Caribbean/Black British: Total"
LC2109EWls0355,Count,Person,"Age 50 to 54, Black/African/Caribbean/Black British: African"
LC2109EWls0356,Count,Person,"Age 50 to 54, Black/African/Caribbean/Black British: Caribbean"
LC2109EWls0357,Count,Person,"Age 50 to 54, Black/African/Caribbean/Black British: Other Black"
LC2109EWls0358,Count,Person,"Age 50 to 54, Other ethnic group: Total"
LC2109EWls0359,Count,Person,"Age 50 to 54, Other ethnic group: Arab"
LC2109EWls0360,Count,Person,"Age 50 to 54, Other ethnic group: Any other ethnic group"
LC2109EWls0361,Count,Person,"Age 55 to 59, All categories: Ethnic group"
LC2109EWls0362,Count,Person,"Age 55 to 59, White: Total"
LC2109EWls0363,Count,Person,"Age 55 to 59, White: English/Welsh/Scottish/Northern Irish/British"
LC2109EWls0364,Count,Person,"Age 55 to 59, White: Irish"
LC2109EWls0365,Count,Person,"Age 55 to 59, White: Gypsy or Irish Traveller"
LC2109EWls0366,Count,Person,"Age 55 to 59, White: Other White"
LC2109EWls0367,Count,Person,"Age 55 to 59, Mixed/multiple ethnic group: Total"
LC2109EWls0368,Count,Person,"Age 55 to 59, Mixed/multiple ethnic group: White and Black Caribbean"
LC2109EWls0369,Count,Person,"Age 55 to 59, Mixed/multiple ethnic group: White and Black African"
LC2109EWls0370,Count,Person,"Age 55 to 59, Mixed/multiple ethnic group: White and Asian"
LC2109EWls0371,Count,Person,"Age 55 to 59, Mixed/multiple ethnic group: Other Mixed"
LC2109EWls0372,Count,Person,"Age 55 to 59, Asian/Asian British: Total"
LC2109EWls0373,Count,Person,"Age 55 to 59, Asian/Asian British: Indian"
LC2109EWls0374,Count,Person,"Age 55 to 59, Asian/Asian British: Pakistani"
LC2109EWls0375,Count,Person,"Age 55 to 59, Asian/Asian British: Bangladeshi"
LC2109EWls0376,Count,Person,"Age 55 to 59, Asian/Asian British: Chinese"
LC2109EWls0377,Count,Person,"Age 55 to 59, Asian/Asian British: Other Asian"
LC2109EWls0378,Count,Person,"Age 55 to 59, Black/African/Caribbean/Black British: Total"
LC2109EWls0379,Count,Person,"Age 55 to 59, Black/African/Caribbean/Black British: African"
LC2109EWls0380,Count,Person,"Age 55 to 59, Black/African/Caribbean/Black British: Caribbean"
LC2109EWls0381,Count,Person,"Age 55 to 59, Black/African/Caribbean/Black British: Other Black"
LC2109EWls0382,Count,Person,"Age 55 to 59, Other ethnic group: Total"
LC2109EWls0383,Count,Person,"Age 55 to 59, Other ethnic group: Arab"
LC2109EWls0384,Count,Person,"Age 55 to 59, Other ethnic group: Any other ethnic group"
LC2109EWls0385,Count,Person,"Age 60 to 64, All categories: Ethnic group"
LC2109EWls0386,Count,Person,"Age 60 to 64, White: Total"
LC2109EWls0387,Count,Person,"Age 60 to 64, White: English/Welsh/Scottish/Northern Irish/British"
LC2109EWls0388,Count,Person,"Age 60 to 64, White: Irish"
LC2109EWls0389,Count,Person,"Age 60 to 64, White: Gypsy or Irish Traveller"
LC2109EWls0390,Count,Person,"Age 60 to 64, White: Other White"
LC2109EWls0391,Count,Person,"Age 60 to 64, Mixed/multiple ethnic group: Total"
LC2109EWls0392,Count,Person,"Age 60 to 64, Mixed/multiple ethnic group: White and Black Caribbean"
LC2109EWls0393,Count,Person,"Age 60 to 64, Mixed/multiple ethnic group: White and Black African"
LC2109EWls0394,Count,Person,"Age 60 to 64, Mixed/multiple ethnic group: White and Asian"
LC2109EWls0395,Count,Person,"Age 60 to 64, Mixed/multiple ethnic group: Other Mixed"
LC2109EWls0396,Count,Person,"Age 60 to 64, Asian/Asian British: Total"
LC2109EWls0397,Count,Person,"Age 60 to 64, Asian/Asian British: Indian"
LC2109EWls0398,Count,Person,"Age 60 to 64, Asian/Asian British: Pakistani"
LC2109EWls0399,Count,Person,"Age 60 to 64, Asian/Asian British: Bangladeshi"
LC2109EWls0400,Count,Person,"Age 60 to 64, Asian/Asian British: Chinese"
LC2109EWls0401,Count,Person,"Age 60 to 64, Asian/Asian British: Other Asian"
LC2109EWls0402,Count,Person,"Age 60 to 64, Black/African/Caribbean/Black British: Total"
LC2109EWls0403,Count,Person,"Age 60 to 64, Black/African/Caribbean/Black British: African"
LC2109EWls0404,Count,Person,"Age 60 to 64, Black/African/Caribbean/Black British: Caribbean"
LC2109EWls0405,Count,Person,"Age 60 to 64, Black/African/Caribbean/Black British: Other Black"
LC2109EWls0406,Count,Person,"Age 60 to 64, Other ethnic group: Total"
LC2109EWls0407,Count,Person,"Age 60 to 64, Other ethnic group: Arab"
LC2109EWls0408,Count,Person,"Age 60 to 64, Other ethnic group: Any other ethnic group"
LC2109EWls0409,Count,Person,"Age 65 to 69, All categories: Ethnic group"
LC2109EWls0410,Count,Person,"Age 65 to 69, White: Total"
LC2109EWls0411,Count,Person,"Age 65 to 69, White: English/Welsh/Scottish/Northern Irish/British"
LC2109EWls0412,Count,Person,"Age 65 to 69, White: Irish"
LC2109EWls0413,Count,Person,"Age 65 to 69, White: Gypsy or Irish Traveller"
LC2109EWls0414,Count,Person,"Age 65 to 69, White: Other White"
LC2109EWls0415,Count,Person,"Age 65 to 69, Mixed/multiple ethnic group: Total"
LC2109EWls0416,Count,Person,"Age 65 to 69, Mixed/multiple ethnic group: White and Black Caribbean"
LC2109EWls0417,Count,Person,"Age 65 to 69, Mixed/multiple ethnic group: White and Black African"
LC2109EWls0418,Count,Person,"Age 65 to 69, Mixed/multiple ethnic group: White and Asian"
LC2109EWls0419,Count,Person,"Age 65 to 69, Mixed/multiple ethnic group: Other Mixed"
LC2109EWls0420,Count,Person,"Age 65 to 69, Asian/Asian British: Total"
LC2109EWls0421,Count,Person,"Age 65 to 69, Asian/Asian British: Indian"
LC2109EWls0422,Count,Person,"Age 65 to 69, Asian/Asian British: Pakistani"
LC2109EWls0423,Count,Person,"Age 65 to 69, Asian/Asian British: Bangladeshi"
LC2109EWls0424,Count,Person,"Age 65 to 69, Asian/Asian British: Chinese"
LC2109EWls0425,Count,Person,"Age 65 to 69, Asian/Asian British: Other Asian"
LC2109EWls0426,Count,Person,"Age 65 to 69, Black/African/Caribbean/Black British: Total"
LC2109EWls0427,Count,Person,"Age 65 to 69, Black/African/Caribbean/Black British: African"
LC2109EWls0428,Count,Person,"Age 65 to 69, Black/African/Caribbean/Black British: Caribbean"
LC2109EWls0429,Count,Person,"Age 65 to 69, Black/African/Caribbean/Black British: Other Black"
LC2109EWls0430,Count,Person,"Age 65 to 69, Other ethnic group: Total"
LC2109EWls0431,Count,Person,"Age 65 to 69, Other ethnic group: Arab"
LC2109EWls0432,Count,Person,"Age 65 to 69, Other ethnic group: Any other ethnic group"
LC2109EWls0433,Count,Person,"Age 70 to 74, All categories: Ethnic group"
LC2109EWls0434,Count,Person,"Age 70 to 74, White: Total"
LC2109EWls0435,Count,Person,"Age 70 to 74, White: English/Welsh/Scottish/Northern Irish/British"
LC2109EWls0436,Count,Person,"Age 70 to 74, White: Irish"
LC2109EWls0437,Count,Person,"Age 70 to 74, White: Gypsy or Irish Traveller"
LC2109EWls0438,Count,Person,"Age 70 to 74, White: Other White"
LC2109EWls0439,Count,Person,"Age 70 to 74, Mixed/multiple ethnic group: Total"
LC2109EWls0440,Count,Person,"Age 70 to 74, Mixed/multiple ethnic group: White and Black Caribbean"
LC2109EWls0441,Count,Person,"Age 70 to 74, Mixed/multiple ethnic group: White and Black African"
LC2109EWls0442,Count,Person,"Age 70 to 74, Mixed/multiple ethnic group: White and Asian"
LC2109EWls0443,Count,Person,"Age 70 to 74, Mixed/multiple ethnic group: Other Mixed"
LC2109EWls0444,Count,Person,"Age 70 to 74, Asian/Asian British: Total"
LC2109EWls0445,Count,Person,"Age 70 to 74, Asian/Asian British: Indian"
LC2109EWls0446,Count,Person,"Age 70 to 74, Asian/Asian British: Pakistani"
LC2109EWls0447,Count,Person,"Age 70 to 74, Asian/Asian British: Bangladeshi"
LC2109EWls0448,Count,Person,"Age 70 to 74, Asian/Asian British: Chinese"
LC2109EWls0449,Count,Person,"Age 70 to 74, Asian/Asian British: Other Asian"
LC2109EWls0450,Count,Person,"Age 70 to 74, Black/African/Caribbean/Black British: Total"
LC2109EWls0451,Count,Person,"Age 70 to 74, Black/African/Caribbean/Black British: African"
LC2109EWls0452,Count,Person,"Age 70 to 74, Black/African/Caribbean/Black British: Caribbean"
LC2109EWls0453,Count,Person,"Age 70 to 74, Black/African/Caribbean/Black British: Other Black"
LC2109EWls0454,Count,Person,"Age 70 to 74, Other ethnic group: Total"
LC2109EWls0455,Count,Person,"Age 70 to 74, Other ethnic group: Arab"
LC2109EWls0456,Count,Person,"Age 70 to 74, Other ethnic group: Any other ethnic group"
LC2109EWls0457,Count,Person,"Age 75 to 79, All categories: Ethnic group"
LC2109EWls0458,Count,Person,"Age 75 to 79, White: Total"
LC2109EWls0459,Count,Person,"Age 75 to 79, White: English/Welsh/Scottish/Northern Irish/British"
LC2109EWls0460,Count,Person,"Age 75 to 79, White: Irish"
LC2109EWls0461,Count,Person,"Age 75 to 79, White: Gypsy or Irish Traveller"
LC2109EWls0462,Count,Person,"Age 75 to 79, White: Other White"
LC2109EWls0463,Count,Person,"Age 75 to 79, Mixed/multiple ethnic group: Total"
LC2109EWls0464,Count,Person,"Age 75 to 79, Mixed/multiple ethnic group: White and Black Caribbean"
LC2109EWls0465,Count,Person,"Age 75 to 79, Mixed/multiple ethnic group: White and Black African"
LC2109EWls0466,Count,Person,"Age 75 to 79, Mixed/multiple ethnic group: White and Asian"
LC2109EWls0467,Count,Person,"Age 75 to 79, Mixed/multiple ethnic group: Other Mixed"
LC2109EWls0468,Count,Person,"Age 75 to 79, Asian/Asian British: Total"
LC2109EWls0469,Count,Person,"Age 75 to 79, Asian/Asian British: Indian"
LC2109EWls0470,Count,Person,"Age 75 to 79, Asian/Asian British: Pakistani"
LC2109EWls0471,Count,Person,"Age 75 to 79, Asian/Asian British: Bangladeshi"
LC2109EWls0472,Count,Person,"Age 75 to 79, Asian/Asian British: Chinese"
LC2109EWls0473,Count,Person,"Age 75 to 79, Asian/Asian British: Other Asian"
LC2109EWls0474,Count,Person,"Age 75 to 79, Black/African/Caribbean/Black British: Total"
LC2109EWls0475,Count,Person,"Age 75 to 79, Black/African/Caribbean/Black British: African"
LC2109EWls0476,Count,Person,"Age 75 to 79, Black/African/Caribbean/Black British: Caribbean"
LC2109EWls0477,Count,Person,"Age 75 to 79, Black/African/Caribbean/Black British: Other Black"
LC2109EWls0478,Count,Person,"Age 75 to 79, Other ethnic group: Total"
LC2109EWls0479,Count,Person,"Age 75 to 79, Other ethnic group: Arab"
LC2109EWls0480,Count,Person,"Age 75 to 79, Other ethnic group: Any other ethnic group"
LC2109EWls0481,Count,Person,"Age 80 to 84, All categories: Ethnic group"
LC2109EWls0482,Count,Person,"Age 80 to 84, White: Total"
LC2109EWls0483,Count,Person,"Age 80 to 84, White: English/Welsh/Scottish/Northern Irish/British"
LC2109EWls0484,Count,Person,"Age 80 to 84, White: Irish"
LC2109EWls0485,Count,Person,"Age 80 to 84, White: Gypsy or Irish Traveller"
LC2109EWls0486,Count,Person,"Age 80 to 84, White: Other White"
LC2109EWls0487,Count,Person,"Age 80 to 84, Mixed/multiple ethnic group: Total"
LC2109EWls0488,Count,Person,"Age 80 to 84, Mixed/multiple ethnic group: White and Black Caribbean"
LC2109EWls0489,Count,Person,"Age 80 to 84, Mixed/multiple ethnic group: White and Black African"
LC2109EWls0490,Count,Person,"Age 80 to 84, Mixed/multiple ethnic group: White and Asian"
LC2109EWls0491,Count,Person,"Age 80 to 84, Mixed/multiple ethnic group: Other Mixed"
LC2109EWls0492,Count,Person,"Age 80 to 84, Asian/Asian British: Total"
LC2109EWls0493,Count,Person,"Age 80 to 84, Asian/Asian British: Indian"
LC2109EWls0494,Count,Person,"Age 80 to 84, Asian/Asian British: Pakistani"
LC2109EWls0495,Count,Person,"Age 80 to 84, Asian/Asian British: Bangladeshi"
LC2109EWls0496,Count,Person,"Age 80 to 84, Asian/Asian British: Chinese"
LC2109EWls0497,Count,Person,"Age 80 to 84, Asian/Asian British: Other Asian"
LC2109EWls0498,Count,Person,"Age 80 to 84, Black/African/Caribbean/Black British: Total"
LC2109EWls0499,Count,Person,"Age 80 to 84, Black/African/Caribbean/Black British: African"
LC2109EWls0500,Count,Person,"Age 80 to 84, Black/African/Caribbean/Black British: Caribbean"
LC2109EWls0501,Count,Person,"Age 80 to 84, Black/African/Caribbean/Black British: Other Black"
LC2109EWls0502,Count,Person,"Age 80 to 84, Other ethnic group: Total"
LC2109EWls0503,Count,Person,"Age 80 to 84, Other ethnic group: Arab"
LC2109EWls0504,Count,Person,"Age 80 to 84, Other ethnic group: Any other ethnic group"
LC2109EWls0505,Count,Person,"Age 85 and over, All categories: Ethnic group"
LC2109EWls0506,Count,Person,"Age 85 and over, White: Total"
LC2109EWls0507,Count,Person,"Age 85 and over, White: English/Welsh/Scottish/Northern Irish/British"
LC2109EWls0508,Count,Person,"Age 85 and over, White: Irish"
LC2109EWls0509,Count,Person,"Age 85 and over, White: Gypsy or Irish Traveller"
LC2109EWls0510,Count,Person,"Age 85 and over, White: Other White"
LC2109EWls0511,Count,Person,"Age 85 and over, Mixed/multiple ethnic group: Total"
LC2109EWls0512,Count,Person,"Age 85 and over, Mixed/multiple ethnic group: White and Black Caribbean"
LC2109EWls0513,Count,Person,"Age 85 and over, Mixed/multiple ethnic group: White and Black African"
LC2109EWls0514,Count,Person,"Age 85 and over, Mixed/multiple ethnic group: White and Asian"
LC2109EWls0515,Count,Person,"Age 85 and over, Mixed/multiple ethnic group: Other Mixed"
LC2109EWls0516,Count,Person,"Age 85 and over, Asian/Asian British: Total"
LC2109EWls0517,Count,Person,"Age 85 and over, Asian/Asian British: Indian"
LC2109EWls0518,Count,Person,"Age 85 and over, Asian/Asian British: Pakistani"
LC2109EWls0519,Count,Person,"Age 85 and over, Asian/Asian British: Bangladeshi"
LC2109EWls0520,Count,Person,"Age 85 and over, Asian/Asian British: Chinese"
LC2109EWls0521,Count,Person,"Age 85 and over, Asian/Asian British: Other Asian"
LC2109EWls0522,Count,Person,"Age 85 and over, Black/African/Caribbean/Black British: Total"
LC2109EWls0523,Count,Person,"Age 85 and over, Black/African/Caribbean/Black British: African"
LC2109EWls0524,Count,Person,"Age 85 and over, Black/African/Caribbean/Black British: Caribbean"
LC2109EWls0525,Count,Person,"Age 85 and over, Black/African/Caribbean/Black British: Other Black"
LC2109EWls0526,Count,Person,"Age 85 and over, Other ethnic group: Total"
LC2109EWls0527,Count,Person,"Age 85 and over, Other ethnic group: Arab"
LC2109EWls0528,Count,Person,"Age 85 and over, Other ethnic group: Any other ethnic group"
